{"inputUnits":[34],"outputUnits":2,"inputs":{"0":{"dtype":"number","min":193.04404945225104,"max":408.3327000243191},"1":{"dtype":"number","min":9.451543310736866,"max":147.49704561344845},"2":{"dtype":"number","min":203.21550747763786,"max":415.78588463453},"3":{"dtype":"number","min":-0.6361608097061549,"max":139.97079574644334},"4":{"dtype":"number","min":186.9858132447714,"max":396.15901768903325},"5":{"dtype":"number","min":-0.9321756028943469,"max":139.92895460314324},"6":{"dtype":"number","min":220.0626002211515,"max":429.1999525968203},"7":{"dtype":"number","min":6.514355848735406,"max":139.62188364466806},"8":{"dtype":"number","min":182.13014713984984,"max":384.21636559156127},"9":{"dtype":"number","min":4.855773569544937,"max":139.21980445950877},"10":{"dtype":"number","min":228.18626670985836,"max":444.9068946689947},"11":{"dtype":"number","min":61.430054898391916,"max":177.65859403498905},"12":{"dtype":"number","min":168.5812603546024,"max":382.9226577699416},"13":{"dtype":"number","min":63.20077146537574,"max":181.6664853819613},"14":{"dtype":"number","min":232.747261848895,"max":465.07905833915976},"15":{"dtype":"number","min":83.27354074916025,"max":242.97502124355924},"16":{"dtype":"number","min":148.444401484983,"max":366.1886008889759},"17":{"dtype":"number","min":92.13381281158803,"max":241.4382789107148},"18":{"dtype":"number","min":220.3536714190175,"max":481.1188337867826},"19":{"dtype":"number","min":48.584871403438115,"max":317.4540875208517},"20":{"dtype":"number","min":130.43343866845512,"max":413.141117318595},"21":{"dtype":"number","min":45.68881854936771,"max":323.92472441558243},"22":{"dtype":"number","min":211.79779290225255,"max":435.0845351757243},"23":{"dtype":"number","min":147.9568184581712,"max":285.3494814861609},"24":{"dtype":"number","min":189.58200417603965,"max":385.3502099894364},"25":{"dtype":"number","min":147.20456846957077,"max":288.43550567033225},"26":{"dtype":"number","min":156.45475424681192,"max":437.0876176440762},"27":{"dtype":"number","min":274.54622142509726,"max":366.37621452836214},"28":{"dtype":"number","min":161.02536301668516,"max":378.4763060098492},"29":{"dtype":"number","min":229.32571054896493,"max":363.61737618650443},"30":{"dtype":"number","min":78.12499450802339,"max":433.5308745862909},"31":{"dtype":"number","min":337.4928918979511,"max":458.7664996789123},"32":{"dtype":"number","min":76.87153530491929,"max":412.34472608751827},"33":{"dtype":"number","min":324.290937134264,"max":456.44087023308305}},"outputs":{"0":{"dtype":"string","min":0,"max":1,"uniqueValues":["R","W"],"legend":{"R":[1,0],"W":[0,1]}}},"isNormalized":true}