{"inputUnits":[34],"outputUnits":2,"inputs":{"0":{"dtype":"number","min":199.4120916040027,"max":430.83866223287026},"1":{"dtype":"number","min":-9.146074821976839,"max":116.6357300160924},"2":{"dtype":"number","min":208.9459946925538,"max":438.22266983150973},"3":{"dtype":"number","min":-17.886568655763618,"max":107.74446836241489},"4":{"dtype":"number","min":192.37377597200268,"max":421.85265567052227},"5":{"dtype":"number","min":-14.219088424504491,"max":107.96989351858889},"6":{"dtype":"number","min":220.10608598879804,"max":451.7978154638862},"7":{"dtype":"number","min":-16.318091010305203,"max":111.40564261707351},"8":{"dtype":"number","min":180.70253839752553,"max":409.39835722808243},"9":{"dtype":"number","min":-15.710248538956108,"max":115.2537661303806},"10":{"dtype":"number","min":222.1204278255715,"max":467.61149365614364},"11":{"dtype":"number","min":53.66570736183732,"max":163.17715982518772},"12":{"dtype":"number","min":159.73785341017904,"max":397.9048820970587},"13":{"dtype":"number","min":48.05099071695648,"max":158.52748792922915},"14":{"dtype":"number","min":228.6849773718689,"max":480.32657549075117},"15":{"dtype":"number","min":142.6070038910506,"max":219.89682921175825},"16":{"dtype":"number","min":139.22801570669685,"max":422.5314580420112},"17":{"dtype":"number","min":139.59639137357127,"max":214.0455633378678},"18":{"dtype":"number","min":200.73849154817455,"max":506.29600435843264},"19":{"dtype":"number","min":122.82858763223493,"max":273.0258327142738},"20":{"dtype":"number","min":112.65073189939507,"max":421.35386663652116},"21":{"dtype":"number","min":117.95256662925394,"max":273.1568778071422},"22":{"dtype":"number","min":213.37995358478236,"max":459.2463690019303},"23":{"dtype":"number","min":235.87278818805856,"max":275.20535509873923},"24":{"dtype":"number","min":174.27514695935676,"max":401.5130653826643},"25":{"dtype":"number","min":232.34094582643024,"max":277.82880582698124},"26":{"dtype":"number","min":188.49936756178562,"max":460.6009231745501},"27":{"dtype":"number","min":280.54400907880137,"max":386.4597044473492},"28":{"dtype":"number","min":166.0419294899076,"max":400.154377681272},"29":{"dtype":"number","min":277.90286453781425,"max":404.20841677179595},"30":{"dtype":"number","min":182.18985947189628,"max":456.41182628587063},"31":{"dtype":"number","min":296.41787755350197,"max":500.23594006490157},"32":{"dtype":"number","min":178.10704687689994,"max":426.2011505008208},"33":{"dtype":"number","min":291.0189356228721,"max":499.93553547543775}},"outputs":{"0":{"dtype":"string","min":0,"max":1,"uniqueValues":["R","W"],"legend":{"R":[1,0],"W":[0,1]}}},"isNormalized":true}