{"inputUnits":[34],"outputUnits":2,"inputs":{"0":{"dtype":"number","min":176.23551186884424,"max":409.3509920469054},"1":{"dtype":"number","min":31.390222927939575,"max":106.57531025808609},"2":{"dtype":"number","min":187.80169060258086,"max":417.6225215451727},"3":{"dtype":"number","min":21.33046072280824,"max":96.7379440129499},"4":{"dtype":"number","min":173.69746820472093,"max":400.4418312993031},"5":{"dtype":"number","min":22.32384351440905,"max":98.4165485545355},"6":{"dtype":"number","min":207.9508283444416,"max":430.7292816518346},"7":{"dtype":"number","min":24.593197121230546,"max":101.61919857277482},"8":{"dtype":"number","min":167.43026436534836,"max":386.5890764169656},"9":{"dtype":"number","min":29.91407995557971,"max":103.60158244923394},"10":{"dtype":"number","min":228.92038426974403,"max":456.05336230088767},"11":{"dtype":"number","min":77.31205520926747,"max":147.38541540004863},"12":{"dtype":"number","min":158.5096569283927,"max":373.59006770390016},"13":{"dtype":"number","min":75.66805976837989,"max":146.07963354207197},"14":{"dtype":"number","min":222.41749804307514,"max":481.41053878843553},"15":{"dtype":"number","min":72.15367001782133,"max":214.14292034935858},"16":{"dtype":"number","min":127.19973849879165,"max":370.76172587472644},"17":{"dtype":"number","min":63.0082281090406,"max":208.3750345549231},"18":{"dtype":"number","min":160.48681437273433,"max":494.2949145127827},"19":{"dtype":"number","min":53.5993785338643,"max":293.0042845729724},"20":{"dtype":"number","min":85.5114104868373,"max":397.1738015260214},"21":{"dtype":"number","min":51.817940441087075,"max":294.75516471417495},"22":{"dtype":"number","min":217.72429351212915,"max":446.38044364721395},"23":{"dtype":"number","min":205.79878454542347,"max":292.2450796639409},"24":{"dtype":"number","min":176.10911565995866,"max":392.69868249559215},"25":{"dtype":"number","min":204.94657642646524,"max":290.3604909696468},"26":{"dtype":"number","min":197.2943002426207,"max":484.9074023057515},"27":{"dtype":"number","min":305.2136942941391,"max":382.1224690596881},"28":{"dtype":"number","min":150.93649719475772,"max":399.44632682355},"29":{"dtype":"number","min":303.7221874430022,"max":373.0518385593993},"30":{"dtype":"number","min":190.2922746829022,"max":460.1222816793835},"31":{"dtype":"number","min":350.66517158241123,"max":473.48218064363834},"32":{"dtype":"number","min":144.75107868357856,"max":400.9821224583726},"33":{"dtype":"number","min":364.9628006159563,"max":491.3637700062318}},"outputs":{"0":{"dtype":"string","min":0,"max":1,"uniqueValues":["R","W"],"legend":{"R":[1,0],"W":[0,1]}}},"isNormalized":true}